image,minifigs,pieces,name
https://images.brickset.com/sets/small/10251-1.jpg?201510121127,5,2380,Brick Bank
https://images.brickset.com/sets/small/10252-1.jpg?201606140214,,1167,Volkswagen Beetle
https://images.brickset.com/sets/small/10253-1.jpg?201605190256,,4163,Big Ben
https://images.brickset.com/sets/small/10254-1.jpg?201608110306,5,734,Winter Holiday Train
https://images.brickset.com/sets/small/10654-1.jpg?201609271134,,1600,XL Creative Brick Box
https://images.brickset.com/sets/small/10702-1.jpg?201511230710,,583,Creative Building Set
https://images.brickset.com/sets/small/10705-1.jpg?201605201119,,1000,Creative Building Basket
https://images.brickset.com/sets/small/10720-1.jpg?201601050913,2,63,Police Helicopter Chase
https://images.brickset.com/sets/small/10721-1.jpg?201601050913,2,66,Iron Man vs. Loki
https://images.brickset.com/sets/small/10722-1.jpg?201601050913,2,92,Snake Showdown
https://images.brickset.com/sets/small/10723-1.jpg?201601050913,1,70,Ariel's Dolphin Carriage
https://images.brickset.com/sets/small/10724-1.jpg?201605201119,3,164,Batman & Superman vs. Lex Luthor
https://images.brickset.com/sets/small/10725-1.jpg?201601050913,3,172,Lost Temple
https://images.brickset.com/sets/small/10726-1.jpg?201605201119,1,58,Stephanie's Horse Carriage
https://images.brickset.com/sets/small/10727-1.jpg?201605201119,2,136,Emma's Ice Cream Truck
https://images.brickset.com/sets/small/10728-1.jpg?201605201119,2,173,Mia's Vet Clinic
https://images.brickset.com/sets/small/10729-1.jpg?201601050913,2,116,Cinderella's Carriage
https://images.brickset.com/sets/small/10801-1.jpg?201511230710,,13,Baby Animals
https://images.brickset.com/sets/small/10802-1.jpg?201511230710,1,18,Savanna
https://images.brickset.com/sets/small/10803-1.jpg?201511230710,2,40,Arctic
https://images.brickset.com/sets/small/10804-1.jpg?201511230710,2,86,Jungle
https://images.brickset.com/sets/small/10805-1.jpg?201601050913,,163,Around the World
https://images.brickset.com/sets/small/10806-1.jpg?201511230710,1,20,Horses
https://images.brickset.com/sets/small/10807-1.jpg?201511230710,2,15,Horse Trailer
https://images.brickset.com/sets/small/10808-1.jpg?201511230710,1,13,Little Plane
